id,issue_id,project_name,startDate,endDate,count_before,count_halfyear
1,12894489,doctrine/mongodb-odm,2013-04-07T12:07:10Z,2021-09-07T08:23:56Z,1668,155
2,13258430,capistrano/capistrano,2013-04-16T17:39:09Z,2019-09-25T13:11:18Z,50,50
3,22814728,Leaflet/Leaflet,2013-11-18T04:29:25Z,2018-02-09T08:23:05Z,3415,658
4,24996968,composer/composer,2014-01-03T01:04:28Z,2015-04-13T11:41:09Z,3712,460
5,27120442,mysqljs/mysql,2014-02-07T08:42:11Z,2015-01-08T21:11:46Z,701,128
6,30381958,PCSX2/pcsx2,2014-03-28T12:08:00Z,2022-06-19T17:13:57Z,44,44
7,40463575,openzfs/zfs,2014-08-18T07:56:21Z,2018-03-21T09:39:27Z,2134,195
8,40896758,thoughtbot/factory_bot,2014-08-22T10:29:31Z,2020-04-12T15:06:51Z,727,16
9,47049745,scikit-learn/scikit-learn,2014-10-28T16:41:25Z,2016-11-20T05:15:00Z,15475,1347
10,57258770,hashicorp/vagrant,2015-02-11T00:12:16Z,2018-04-23T14:26:45Z,6990,777
11,60472468,rust-lang/rust,2015-03-10T09:36:32Z,2021-02-25T15:07:28Z,38169,6852
12,67171304,Automattic/mongoose,2015-04-08T16:44:41Z,2020-01-21T09:00:40Z,4622,545
13,74803435,Sonarr/Sonarr,2015-02-25T06:17:44Z,2019-05-03T16:43:34Z,5997,749
14,81567058,gabordemooij/redbean,2015-05-27T18:28:17Z,2018-10-26T11:04:01Z,1043,15
15,93644527,qbittorrent/qBittorrent,2015-07-07T22:32:11Z,2020-08-03T11:07:17Z,1762,513
16,102234932,npm/npm,2015-08-20T20:54:19Z,2018-02-23T19:16:09Z,6143,788
17,105880443,matplotlib/matplotlib,2015-09-10T19:23:18Z,2019-03-18T14:33:06Z,14899,1435
18,119063763,telegramdesktop/tdesktop,2015-11-26T15:25:11Z,2022-09-03T02:41:26Z,1028,504
19,119143420,rails/rails,2015-11-27T07:09:12Z,2015-11-28T11:14:34Z,51548,3131
20,120669472,doctrine/orm,2014-01-07T23:57:13Z,2021-08-23T10:27:05Z,3552,353
21,120671163,doctrine/orm,2015-05-08T13:06:30Z,2018-01-25T11:56:57Z,4901,789
22,124545273,composer/composer,2016-01-01T13:50:09Z,2018-04-04T22:15:27Z,5473,435
23,128495560,sparklemotion/nokogiri,2016-01-25T09:32:14Z,2016-01-26T13:24:29Z,3731,168
24,163697977,sparklemotion/nokogiri,2016-07-04T15:25:32Z,2016-07-11T11:56:16Z,3812,108
25,209725628,nextcloud/server,2017-02-23T10:45:06Z,2022-03-17T15:49:44Z,25325,1168
26,230340780,nvm-sh/nvm,2017-05-22T09:46:16Z,2018-09-27T01:29:38Z,1318,53
27,232455334,npm/npm,2017-05-31T05:12:28Z,2018-07-08T20:17:46Z,7611,430
28,235832393,Leaflet/Leaflet,2017-06-14T10:22:55Z,2022-02-07T13:40:04Z,5964,142
29,237547233,coleifer/peewee,2017-06-21T14:08:34Z,2022-02-21T13:50:08Z,2605,162
30,239227953,ansible/ansible,2017-06-28T16:50:58Z,2022-06-22T19:28:12Z,28405,3126
31,245325788,pallets/jinja,2017-07-25T08:38:28Z,2020-01-15T17:51:56Z,1686,57
32,249811390,gitextensions/gitextensions,2017-08-12T13:11:55Z,2020-06-09T04:27:35Z,6671,523
33,257408022,WedgeServer/wedge,2017-09-13T14:44:31Z,2022-03-21T21:16:50Z,1724,155
34,268049628,pypa/pipenv,2017-10-24T14:15:40Z,2022-06-16T01:11:00Z,2192,1544
35,271165698,PyCQA/pycodestyle,2017-11-04T04:28:42Z,2018-03-05T20:21:08Z,997,24
36,276835188,Homebrew/homebrew-bundle,2017-11-26T16:00:44Z,2018-02-05T09:06:22Z,426,35
37,284999235,ansible/ansible,2017-12-28T22:12:37Z,2022-03-26T16:03:14Z,31813,3430
38,285132250,libretro/RetroArch,2017-12-29T18:00:37Z,2017-12-29T19:00:44Z,31746,1972
39,286791320,sparklemotion/nokogiri,2018-01-08T15:54:00Z,2018-01-29T13:20:37Z,4242,81
40,286848335,json-schema-org/json-schema-spec,2018-01-08T18:52:41Z,2022-05-28T21:40:53Z,882,280
41,288780107,silverstripe/silverstripe-framework,2018-01-16T04:06:25Z,2018-01-16T22:31:44Z,11104,357
42,294122809,microsoft/vscode,2018-02-03T16:12:05Z,2022-10-31T14:00:24Z,28671,6826
43,298311894,openzfs/zfs,2018-02-19T15:18:41Z,2018-02-20T22:46:35Z,4204,265
44,299244712,npm/npm,2018-02-22T07:14:50Z,2018-02-22T18:49:07Z,8006,169
45,299453048,npm/npm,2018-02-22T18:06:29Z,2018-02-22T21:16:24Z,8009,172
46,303710144,gradle/gradle,2018-03-09T03:16:36Z,2018-03-09T05:14:42Z,41738,2634
47,303711240,gradle/gradle,2018-03-09T03:23:40Z,2018-03-09T05:19:43Z,41738,2634
48,304302655,Automattic/mongoose,2018-03-12T09:51:20Z,2019-10-11T10:17:57Z,8221,714
49,304422453,jekyll/jekyll,2018-03-12T15:34:02Z,2018-07-01T18:11:11Z,8408,371
50,305030419,git-tfs/git-tfs,2018-03-14T05:44:03Z,2018-10-12T09:36:29Z,1972,70
51,305129827,mysqljs/mysql,2018-03-14T12:00:25Z,2018-11-26T10:11:26Z,1198,39
52,305814776,sparklemotion/nokogiri,2018-03-16T06:22:07Z,2018-03-25T08:20:32Z,4290,112
53,307906799,FreeRADIUS/freeradius-server,2018-03-23T05:25:32Z,2018-03-23T20:56:49Z,13845,180
54,312953330,arduino/Arduino,2018-04-10T14:38:39Z,2022-07-11T01:47:19Z,5266,76
55,313696087,doctrine/orm,2018-04-12T12:00:06Z,2018-04-13T21:58:20Z,5721,15
56,315577064,saltstack/salt,2018-04-18T17:41:31Z,2018-04-25T18:41:33Z,67874,1227
57,315863357,dokuwiki/dokuwiki,2018-04-19T12:51:42Z,2018-05-29T11:24:19Z,8656,180
58,320553214,OpenRA/OpenRA,2018-05-06T01:00:11Z,2018-05-06T09:50:33Z,23041,600
59,320554101,OpenRA/OpenRA,2018-05-06T01:24:06Z,2018-05-06T09:51:42Z,23041,600
60,326712539,npm/npm,2018-05-26T05:44:58Z,2018-07-10T19:26:55Z,8250,307
61,327130542,npm/npm,2018-05-28T23:07:45Z,2018-05-29T04:19:36Z,8250,306
62,330697632,saltstack/salt,2018-06-08T15:11:40Z,2018-06-11T19:55:01Z,68177,997
63,332965663,gatling/gatling,2018-06-16T06:44:05Z,2018-06-19T05:58:57Z,3595,264
64,333693227,jasmine/jasmine,2018-06-19T14:18:37Z,2018-06-21T00:27:24Z,803,50
65,338480646,mrdoob/three.js,2018-07-05T08:46:40Z,2018-07-21T11:50:45Z,21982,1528
66,339498894,gradle/gradle,2018-07-09T15:29:20Z,2018-07-18T14:38:23Z,42725,1681
67,340189202,mojolicious/mojo,2018-07-11T10:47:31Z,2018-07-11T13:28:51Z,11347,240
68,340595516,mojolicious/mojo,2018-07-12T11:19:18Z,2018-07-12T12:21:03Z,11352,245
69,340599374,npm/npm,2018-07-12T11:32:55Z,2018-07-12T16:20:47Z,8292,328
70,340715954,npm/npm,2018-07-12T16:43:58Z,2018-07-12T16:48:38Z,8292,328
71,347951340,composer/composer,2018-08-06T14:37:47Z,2018-08-06T14:47:23Z,7424,122
72,348797250,HandBrake/HandBrake,2018-08-08T16:19:15Z,2022-12-07T20:51:59Z,7852,38
73,349736129,tutao/tutanota,2018-08-11T14:00:36Z,2021-06-20T08:42:02Z,1276,147
74,352373552,JuliaLang/julia,2018-08-21T03:36:57Z,2018-10-08T14:45:13Z,40192,1291
75,352750519,rails/rails,2018-08-21T23:48:12Z,2019-04-12T13:52:44Z,62642,862
76,354147871,Automattic/mongoose,2018-08-27T01:13:47Z,2018-10-15T04:28:07Z,8888,697
77,356609376,openzfs/zfs,2018-09-03T22:45:46Z,2018-09-04T06:25:01Z,4450,208
78,362259981,phusion/passenger,2018-09-20T16:10:26Z,2020-05-26T14:52:33Z,6496,2
79,364146679,openzfs/zfs,2018-09-26T18:04:06Z,2019-01-28T21:49:16Z,4478,202
80,369840190,diaspora/diaspora,2018-10-13T20:53:02Z,2018-10-18T18:39:09Z,12642,7
81,370963615,gatling/gatling,2018-10-17T08:48:50Z,2018-10-18T08:40:25Z,3877,372
82,372256539,arduino/Arduino,2018-10-20T21:56:14Z,2018-10-21T03:12:22Z,5392,121
83,372714597,pallets/flask,2018-10-22T21:46:33Z,2018-10-24T01:49:26Z,2831,27
84,372725525,gatling/gatling,2018-10-22T22:24:44Z,2018-10-24T07:44:38Z,3885,376
85,376348803,composer/composer,2018-11-01T11:09:34Z,2018-11-01T15:08:44Z,7525,164
86,382189305,FreeRADIUS/freeradius-server,2018-11-19T12:17:44Z,2018-11-19T13:26:08Z,14211,181
87,382791162,php-fig/fig-standards,2018-11-20T18:20:00Z,2018-12-10T14:26:31Z,1743,112
88,393681341,jekyll/jekyll,2018-12-22T15:23:14Z,2018-12-28T19:44:12Z,8852,266
89,393724050,strapi/strapi,2018-12-23T05:03:40Z,2022-05-06T16:58:54Z,4506,775
90,397129620,openzfs/zfs,2019-01-08T22:52:05Z,2019-02-15T17:54:24Z,4594,194
91,397487623,openzfs/zfs,2019-01-09T17:59:22Z,2019-01-20T19:37:55Z,4596,196
92,397574283,openzfs/zfs,2019-01-09T21:42:37Z,2019-05-28T22:33:57Z,4597,197
93,398264957,magit/magit,2019-01-11T12:15:30Z,2019-01-11T19:15:31Z,9539,477
94,398582372,doctrine/orm,2019-01-12T19:04:27Z,2019-01-12T19:09:03Z,5733,11
95,406907882,spring/spring,2019-02-05T18:06:53Z,2019-02-06T19:51:29Z,12705,412
96,407645854,strapi/strapi,2019-02-07T11:05:41Z,2022-05-06T17:12:17Z,4703,737
97,409028181,SFML/SFML,2019-02-11T23:28:12Z,2019-02-11T23:58:51Z,1893,39
98,421471669,tidyverse/lubridate,2019-03-15T11:21:52Z,2022-11-05T12:45:30Z,1473,14
99,429401662,rails/rails,2019-04-04T17:38:40Z,2019-04-04T17:55:50Z,64241,1234
100,430055555,libretro/RetroArch,2019-04-06T17:14:16Z,2019-04-10T02:48:25Z,35863,1354
101,432631890,FreeRADIUS/freeradius-server,2019-04-12T15:48:23Z,2019-04-13T18:27:48Z,14274,64
102,435537996,libretro/RetroArch,2019-04-21T19:05:55Z,2019-04-24T00:23:19Z,36015,1336
103,436303024,vector-im/element-web,2019-04-23T17:24:34Z,2022-01-05T17:44:54Z,15655,2408
104,436467857,gradle/gradle,2019-04-24T02:28:30Z,2019-04-24T07:31:14Z,44908,998
105,453440611,strapi/strapi,2019-06-07T10:17:02Z,2022-03-24T21:11:50Z,5253,793
106,457082435,libretro/RetroArch,2019-06-17T18:19:21Z,2019-06-17T21:46:08Z,36706,1695
107,457401238,CadQuery/cadquery,2019-06-18T10:55:18Z,2022-05-25T15:44:43Z,718,147
108,458249013,locustio/locust,2019-06-19T22:11:51Z,2019-07-12T15:33:46Z,1082,33
109,463261125,Automattic/mongoose,2019-07-02T14:27:00Z,2020-03-11T21:02:25Z,10118,701
110,477798655,libretro/RetroArch,2019-08-07T09:02:42Z,2019-08-07T09:02:42Z,37365,1886
111,483355054,kaminari/kaminari,2019-08-21T11:08:30Z,2019-08-22T13:36:18Z,1401,20
112,483768936,kaminari/kaminari,2019-08-22T04:51:00Z,2019-08-22T13:35:26Z,1401,20
113,484737447,symfony/symfony,2019-08-23T22:37:35Z,2019-08-24T00:15:28Z,42051,3780
114,485217326,symfony/symfony,2019-08-26T12:44:24Z,2019-11-25T15:57:59Z,42090,3783
115,488965754,django-extensions/django-extensions,2019-09-04T06:23:48Z,2019-09-04T07:00:02Z,2522,93
116,494492439,saltstack/salt,2019-09-17T08:58:08Z,2021-03-29T19:38:29Z,69663,437
117,498868764,hashicorp/nomad,2019-09-26T12:58:51Z,2022-10-17T03:51:46Z,12289,613
118,503273161,FreeRADIUS/freeradius-server,2019-10-07T07:16:46Z,2019-10-08T10:51:01Z,14516,245
119,503451343,ruby-i18n/i18n,2019-10-07T13:25:51Z,2019-10-08T09:31:02Z,555,10
120,503598709,AvaloniaUI/Avalonia,2019-10-07T17:51:00Z,2022-07-26T16:10:57Z,7816,1009
121,510675125,composer/composer,2019-10-22T13:57:33Z,2020-02-18T08:37:16Z,7746,62
122,518811026,mrdoob/three.js,2019-11-06T21:36:20Z,2019-11-09T02:19:51Z,26217,2001
123,522727008,Sonarr/Sonarr,2019-11-14T09:24:09Z,2022-11-26T22:07:59Z,8053,224
124,524307759,strapi/strapi,2019-11-18T11:31:42Z,2022-01-05T22:27:04Z,6502,1305
125,525140367,php/php-src,2019-11-19T17:01:19Z,2021-12-28T15:28:27Z,79125,3409
126,528942466,chocolate-doom/chocolate-doom,2019-11-26T19:59:57Z,2019-12-05T17:02:11Z,4229,36
127,530232265,doctrine/orm,2019-11-29T09:07:24Z,2019-11-30T21:31:22Z,5754,18
128,530975624,doctrine/dbal,2019-12-02T08:42:40Z,2019-12-02T09:09:50Z,3054,14
129,532874644,hashicorp/vagrant,2019-12-04T19:02:30Z,2019-12-04T19:46:50Z,11439,290
130,534580041,kangax/compat-table,2019-12-08T18:21:26Z,2019-12-08T18:21:26Z,2750,159
131,534580474,kangax/compat-table,2019-12-08T18:25:04Z,2019-12-08T18:36:01Z,2750,159
132,534583789,nim-lang/Nim,2019-12-08T18:53:54Z,2020-07-01T14:54:33Z,15208,772
133,540979735,GoldenCheetah/GoldenCheetah,2019-12-20T12:50:02Z,2020-02-22T18:07:40Z,8568,113
134,542105846,microsoft/vscode-python,2019-12-24T11:54:51Z,2022-12-20T15:27:01Z,1603,79
135,544017763,jashkenas/coffeescript,2019-12-30T21:32:10Z,2019-12-31T14:17:57Z,4531,39
136,544279140,pallets/jinja,2019-12-31T22:09:04Z,2020-01-15T16:16:06Z,1758,14
137,544542483,strapi/strapi,2020-01-02T11:29:06Z,2022-01-05T22:32:15Z,7070,1720
138,548445007,GoldenCheetah/GoldenCheetah,2020-01-11T15:47:22Z,2020-01-12T11:26:23Z,8589,130
139,549848681,tpope/vim-fugitive,2020-01-14T22:12:33Z,2020-01-16T05:42:07Z,1403,299
140,554355383,ytdl-org/youtube-dl,2020-01-23T19:23:06Z,2020-01-23T19:29:44Z,12373,213
141,556620312,rails/rails,2020-01-29T03:55:37Z,2020-01-29T18:46:18Z,65834,985
142,565358712,libretro/RetroArch,2020-02-14T14:25:27Z,2020-02-23T14:25:39Z,38868,1395
143,567185616,Homebrew/homebrew-bundle,2020-02-18T22:02:12Z,2020-02-19T16:06:25Z,683,24
144,569316203,jekyll/jekyll,2020-02-22T10:38:44Z,2020-05-11T09:09:50Z,9268,104
145,569895996,Sitecore/jss,2020-02-24T14:34:05Z,2022-05-03T14:45:51Z,200,21
146,574196668,matplotlib/matplotlib,2020-03-02T19:31:53Z,2020-03-18T14:29:22Z,26949,880
147,577744765,expressjs/express,2020-03-09T08:47:07Z,2020-07-27T02:52:51Z,5568,23
148,586054883,memcached/memcached,2020-03-23T09:21:26Z,2020-03-23T17:44:04Z,1502,97
149,595484179,mitmproxy/mitmproxy,2020-04-06T23:13:40Z,2020-04-09T06:49:03Z,7898,209
150,598170002,openscad/openscad,2020-04-11T02:22:03Z,2020-04-12T19:23:08Z,7489,181
151,603093257,EasyNetQ/EasyNetQ,2020-04-20T09:39:10Z,2020-04-29T11:59:02Z,1338,7
152,608513361,chef/ohai,2020-04-28T18:10:10Z,2020-04-28T18:10:10Z,2457,94
153,610982272,jshttp/mime-db,2020-05-01T21:41:08Z,2022-01-10T13:09:14Z,599,52
154,613337048,apache/couchdb,2020-05-06T13:51:40Z,2023-07-06T17:23:23Z,10683,229
155,618265614,emscripten-core/emscripten,2020-05-14T14:13:05Z,2020-05-22T09:10:32Z,18302,73
156,619762251,symfony/symfony,2020-05-17T17:56:39Z,2020-05-21T15:17:29Z,46163,2583
157,620694982,bigbluebutton/bigbluebutton,2020-05-19T05:44:00Z,2020-05-20T22:09:46Z,23548,589
158,627087857,libretro/RetroArch,2020-05-29T08:16:02Z,2020-05-29T15:20:14Z,39759,1580
159,628465400,pandas-dev/pandas,2020-06-01T14:04:55Z,2020-06-01T15:23:05Z,19527,807
160,631364219,OpenRA/OpenRA,2020-06-05T07:07:35Z,2020-12-31T22:12:06Z,25449,603
161,633703607,rubygems/rubygems,2020-06-07T19:46:04Z,2020-06-07T23:53:49Z,19007,697
162,636440138,openzfs/zfs,2020-06-10T17:55:21Z,2020-06-11T05:04:06Z,5333,111
163,638202113,nodejs/node,2020-06-13T17:41:50Z,2022-07-04T18:49:12Z,23859,914
164,638643486,openzfs/zfs,2020-06-15T08:19:17Z,2020-06-15T17:32:33Z,5335,99
165,638768339,openzfs/zfs,2020-06-15T11:17:13Z,2020-06-15T19:49:46Z,5335,99
166,639051823,openzfs/zfs,2020-06-15T18:27:25Z,2020-06-15T18:27:25Z,5336,100
167,639068210,openzfs/zfs,2020-06-15T18:57:36Z,2020-06-16T02:22:45Z,5337,101
168,639133998,rust-lang/rust,2020-06-15T20:34:00Z,2020-06-15T21:21:19Z,120740,11444
169,643360992,libretro/RetroArch,2020-06-22T21:06:38Z,2020-06-23T17:53:47Z,40149,1785
170,652371218,heroku/heroku-buildpack-ruby,2020-07-07T14:29:03Z,2020-07-07T14:30:49Z,1714,62
171,652809371,angular/angular,2020-07-08T01:25:12Z,2022-05-27T12:19:42Z,18674,2215
172,654775761,ipython/ipython,2020-07-10T13:17:17Z,2020-07-21T01:43:18Z,21940,177
173,657523246,sinonjs/sinon,2020-07-15T17:22:42Z,2020-07-22T08:00:33Z,2834,88
174,663559628,sinonjs/sinon,2020-07-22T08:01:49Z,2020-07-22T09:55:11Z,2835,79
175,669419291,google/WebFundamentals,2020-07-31T05:10:00Z,2020-07-31T05:10:00Z,7988,14
176,670691047,rust-lang/rust,2020-08-01T09:15:23Z,2020-08-02T12:35:41Z,123387,11283
177,704818674,jamulussoftware/jamulus,2020-09-19T06:41:37Z,2022-04-22T18:34:26Z,2523,931
178,707573131,FreeRADIUS/freeradius-server,2020-09-23T18:09:06Z,2020-09-23T18:25:44Z,14801,148
179,708907357,nextcloud/server,2020-09-25T12:45:59Z,2022-04-25T14:08:51Z,28353,162
180,709556703,fluentmigrator/fluentmigrator,2020-09-26T15:24:11Z,2020-09-26T15:24:11Z,2058,39
181,722281859,vuepress-theme-hope/vuepress-theme-hope,2020-10-15T12:17:06Z,2022-02-19T17:38:04Z,0,
182,723058396,doctrine/dbal,2020-10-16T09:26:02Z,2020-10-31T16:28:15Z,3116,27
183,723862818,James-Yu/LaTeX-Workshop,2020-10-17T22:51:25Z,2022-12-08T13:42:00Z,2815,364
184,724775047,TeamNewPipe/NewPipeExtractor,2020-06-01T20:55:35Z,2022-09-23T18:51:49Z,734,321
185,727127817,rubygems/rubygems,2020-10-22T07:29:52Z,2020-10-23T12:11:01Z,19100,298
186,732267627,FreeRADIUS/freeradius-server,2020-10-29T12:22:22Z,2020-10-30T20:45:11Z,14829,165
187,741692283,symfony/symfony,2020-11-12T15:25:16Z,2020-11-13T12:16:39Z,48994,2890
188,747855745,EbookFoundation/free-programming-books,2020-11-20T23:16:43Z,2022-02-14T18:05:23Z,4758,
189,761569005,Rapptz/discord.py,2020-12-10T20:01:44Z,2022-03-06T04:51:24Z,2541,190
190,765312275,James-Yu/LaTeX-Workshop,2020-12-13T11:41:59Z,2022-05-18T08:27:13Z,2930,328
191,770384781,flutter/flutter,2020-12-17T21:34:10Z,2020-12-17T21:34:10Z,24644,2565
192,774501385,deepmodeling/deepmd-kit,2020-12-24T16:12:52Z,2020-12-24T16:12:52Z,94,37
193,774727384,ipython/ipython,2020-12-25T12:54:33Z,2021-02-01T21:37:31Z,22114,186
194,777338361,spring/spring,2021-01-01T19:22:49Z,2021-01-01T21:39:10Z,13381,75
195,786108116,pandas-dev/pandas,2021-01-14T15:59:31Z,2021-02-17T19:31:00Z,19532,5
196,795394794,flutter/flutter,2021-01-27T19:48:17Z,2022-08-19T13:22:46Z,25172,2550
197,795993177,doctrine/orm,2021-01-28T13:13:36Z,2021-01-30T17:51:38Z,5794,9
198,807725060,rstudio/rstudio,2021-02-13T10:46:38Z,2023-10-20T20:26:59Z,29873,1477
199,814421264,expressjs/express,2021-02-23T12:31:48Z,2022-02-17T16:01:51Z,5595,8
200,814840135,microsoft/clrmd,2021-02-23T21:20:50Z,2021-02-23T21:20:50Z,456,
201,831174119,GTNewHorizons/GT-New-Horizons-Modpack,2021-03-14T14:43:18Z,2021-03-14T18:31:30Z,5308,357
202,843213515,MvvmCross/MvvmCross,2021-03-29T10:09:09Z,2022-05-28T16:31:34Z,7726,14
203,851350444,symfony/symfony,2021-04-06T11:56:40Z,2021-04-06T15:47:27Z,50922,2610
204,855420175,jquery/jquery,2021-04-11T22:12:41Z,2021-04-12T14:56:42Z,5947,
205,857092857,binogure-studio/city-game-studio-i18n,2021-04-13T15:45:52Z,2021-04-17T12:09:53Z,233,43
206,869840472,GoldenCheetah/GoldenCheetah,2021-04-28T11:28:04Z,2021-04-28T14:28:51Z,9206,129
207,877864027,nodejs/node,2021-05-06T18:48:22Z,2022-06-03T15:38:29Z,25719,911
208,891698219,doctrine/orm,2021-05-14T07:46:20Z,2023-06-06T13:08:31Z,5818,24
209,894598837,Leaflet/Leaflet,2021-05-18T17:09:04Z,2021-05-19T22:57:35Z,6428,
210,896726233,Leaflet/Leaflet,2021-05-20T12:08:13Z,2021-05-25T21:31:08Z,6428,
211,900635226,hashicorp/terraform,2021-05-25T10:52:11Z,2022-03-18T19:33:28Z,23183,555
212,900662967,SubnauticaNitrox/Nitrox,2021-05-25T11:16:24Z,2021-08-30T12:36:07Z,813,13
213,902425731,frappe/erpnext,2021-05-26T13:51:11Z,2021-09-01T12:11:14Z,28811,1310
214,904754673,rust-lang/rust,2021-05-28T05:45:46Z,2021-05-29T01:06:40Z,140876,10233
215,906427489,libretro/RetroArch,2021-05-29T09:22:58Z,2022-09-01T23:26:58Z,42910,976
216,907232677,zeromq/libzmq,2021-05-31T08:24:44Z,2023-06-06T13:00:13Z,6761,46
217,908088395,pandas-dev/pandas,2021-06-01T09:18:51Z,2021-06-03T07:38:43Z,19534,4
218,914128991,PCSX2/pcsx2,2021-06-08T01:13:24Z,2021-12-21T01:10:33Z,6894,726
219,917355114,matplotlib/matplotlib,2021-06-10T13:35:27Z,2021-06-11T20:25:19Z,29891,1009
220,936567326,joncampbell123/dosbox-x,2021-07-05T00:03:02Z,2021-07-11T01:04:15Z,12884,1189
221,941489296,mozilla/sccache,2021-07-11T16:33:44Z,2022-05-04T20:38:01Z,1051,30
222,951429255,rustdesk/rustdesk,2021-07-23T09:56:00Z,2022-06-04T06:03:14Z,76,76
223,952956841,SevenTV/chatterino7,2021-07-26T14:18:27Z,2021-08-04T13:49:13Z,2547,29
224,963088392,PyCQA/pycodestyle,2021-08-06T22:49:24Z,2021-08-06T22:54:26Z,1078,16
225,976125179,znc/znc,2021-08-21T12:22:15Z,2021-08-23T15:58:22Z,2960,22
226,978528716,Python-Markdown/markdown,2021-08-24T22:17:41Z,2021-08-27T18:29:19Z,666,11
227,980057113,WordPress/gutenberg,2021-08-26T09:56:38Z,2022-01-27T05:12:22Z,7378,176
228,985432324,doctrine/orm,2021-09-01T17:54:07Z,2021-09-01T19:17:38Z,5852,50
229,985447779,symfony/symfony,2021-09-01T18:09:25Z,2021-09-01T19:14:03Z,53373,2857
230,986045665,psf/requests,2021-09-02T03:20:46Z,2021-09-02T03:20:46Z,3024,3
231,993768928,curl/curl,2021-09-11T06:58:54Z,2021-09-12T01:06:43Z,22321,95
232,997299420,libretro/RetroArch,2021-09-15T16:49:31Z,2022-05-08T15:02:51Z,43344,881
233,1004915962,JodaOrg/joda-time,2021-09-23T01:21:39Z,2022-08-16T09:23:39Z,2094,2
234,1011467346,Python-Markdown/markdown,2021-09-29T21:36:10Z,2021-12-27T18:37:27Z,666,9
235,1013314736,ruby/www.ruby-lang.org,2021-10-01T12:58:51Z,2021-10-04T04:08:46Z,5806,41
236,1014671924,ohmyzsh/ohmyzsh,2021-10-04T03:00:08Z,2021-10-04T09:06:02Z,5056,89
237,1026512862,SudhanPlayz/Discord-MusicBot,2021-10-14T15:05:56Z,2022-07-13T08:58:17Z,36,29
238,1027933041,flatpak/xdg-desktop-portal,2021-10-16T02:58:26Z,2023-04-21T17:16:32Z,465,44
239,1034748634,JodaOrg/joda-time,2021-10-25T06:55:34Z,2021-10-25T09:36:47Z,2096,3
240,1034782242,JodaOrg/joda-time,2021-10-25T07:35:11Z,2021-10-26T14:35:39Z,2096,3
241,1034926389,JodaOrg/joda-time,2021-10-25T09:59:21Z,2021-10-26T14:37:47Z,2096,3
242,1034930502,JodaOrg/joda-time,2021-10-25T10:03:03Z,2021-10-26T14:38:25Z,2096,3
243,1036757791,PowerDNS-Admin/PowerDNS-Admin,2021-10-26T21:28:04Z,2022-02-23T18:52:34Z,665,19
244,1043368759,EbookFoundation/free-programming-books,2021-11-03T10:28:56Z,2022-02-15T16:31:34Z,4760,1
245,1047632192,microsoft/winget-cli,2021-11-08T16:08:38Z,2021-11-29T15:23:56Z,16,
246,1058585621,oven-sh/bun,2021-11-19T14:23:51Z,2022-08-04T17:16:49Z,1112,989
247,1060667929,IntellectualSites/PlotSquared,2021-11-22T22:53:45Z,2022-01-26T16:31:26Z,3601,24
248,1072125460,libretro/RetroArch,2021-12-06T13:02:30Z,2022-12-20T08:33:08Z,43766,832
249,1072818585,scikit-learn/scikit-learn,2021-12-07T01:40:53Z,2021-12-20T18:03:28Z,22678,18
250,1075227076,google/glog,2021-12-09T07:08:17Z,2021-12-09T08:26:13Z,513,59
251,1075975020,James-Yu/LaTeX-Workshop,2021-12-09T20:22:11Z,2022-01-20T09:06:26Z,3494,274
252,1077325481,tailscale/tailscale,2021-12-11T00:08:19Z,2022-01-05T23:24:43Z,3320,889
253,1084937435,JuliaLang/julia,2021-12-20T15:46:13Z,2021-12-20T15:56:11Z,42824,110
254,1086819542,dresden-elektronik/deconz-rest-plugin,2021-12-22T13:23:57Z,2021-12-30T19:29:44Z,4829,344
255,1087047886,npm/cli,2021-12-22T17:43:16Z,2021-12-22T17:58:22Z,9286,2
256,1087972186,doitsujin/dxvk,2021-12-23T20:20:27Z,2022-01-14T14:47:14Z,1467,145
257,1089763044,LGBT-CN/LGBTQIA-In-China,2021-12-28T10:08:10Z,2022-03-11T22:10:48Z,90,28
258,1090473508,James-Yu/LaTeX-Workshop,2021-12-29T12:02:32Z,2021-12-29T12:02:32Z,3521,272
259,1090475055,James-Yu/LaTeX-Workshop,2021-12-29T12:05:11Z,2021-12-29T12:05:11Z,3521,272
260,1092238495,opnsense/core,2022-01-03T05:31:54Z,2022-02-03T05:16:32Z,13086,440
261,1093353244,James-Yu/LaTeX-Workshop,2022-01-04T13:24:46Z,2022-01-04T13:24:46Z,3532,268
262,1093916422,James-Yu/LaTeX-Workshop,2022-01-05T02:23:46Z,2022-01-05T08:51:05Z,3533,266
263,1096297382,NickeManarin/ScreenToGif,2022-01-07T13:00:53Z,2022-01-31T03:58:31Z,912,95
264,1097100861,electron/electron-rebuild,2022-01-09T04:14:06Z,2022-01-09T16:57:03Z,573,116
265,1097421627,James-Yu/LaTeX-Workshop,2022-01-10T03:34:13Z,2022-01-22T05:05:55Z,3549,277
266,1100051808,restsharp/RestSharp,2022-01-12T08:52:16Z,2022-11-19T14:40:23Z,1548,63
267,1100433367,nexe/nexe,2022-01-12T14:51:37Z,2022-01-18T18:44:10Z,435,6
268,1102918184,spring-projects/spring-framework,2022-01-14T04:14:59Z,2022-01-14T10:33:19Z,21901,801
269,1104666990,ipython/ipython,2022-01-15T10:18:18Z,2022-01-17T12:05:15Z,22685,397
270,1107247166,WordPress/WordPress-Coding-Standards,2022-01-18T18:46:56Z,2022-04-06T09:04:04Z,2332,6
271,1107373635,nvim-treesitter/nvim-treesitter,2022-01-18T21:21:04Z,2023-10-21T18:44:49Z,1912,511
272,1110181012,doctrine/orm,2022-01-21T08:17:59Z,2022-01-21T09:17:22Z,5898,71
273,1118392130,MinecraftForge/MinecraftForge,2022-01-30T03:09:04Z,2022-02-04T00:25:58Z,7003,27
274,1127749209,microsoft/winget-pkgs,2022-02-08T20:55:49Z,2022-02-08T20:55:49Z,12,4
275,1128211306,whatwg/html,2022-02-09T08:34:31Z,2022-02-10T10:29:31Z,10924,26
276,1134552993,GTNewHorizons/GT-New-Horizons-Modpack,2022-02-12T20:20:30Z,2022-02-24T11:58:26Z,5662,233
277,1136028189,truecharts/charts,2022-02-13T15:40:29Z,2022-08-29T12:18:33Z,1720,850
278,1137539452,mrdoob/three.js,2022-02-14T16:23:16Z,2022-02-14T16:47:13Z,30997,252
279,1137624289,James-Yu/LaTeX-Workshop,2022-02-14T17:33:08Z,2022-02-19T19:10:28Z,3597,275
280,1144972959,golang/go,2022-02-20T09:58:45Z,2022-02-20T10:13:38Z,49676,1987
281,1145514858,golang/go,2022-02-21T09:08:41Z,2022-03-02T21:50:38Z,49679,1973
282,1149608900,ViaVersion/ViaVersion,2022-02-24T18:28:20Z,2022-06-30T20:06:29Z,973,3
283,1153731840,James-Yu/LaTeX-Workshop,2022-02-28T07:07:58Z,2022-03-01T11:18:57Z,3639,312
284,1156931157,rubygems/rubygems.org,2022-03-02T09:47:25Z,2022-03-03T07:38:14Z,6381,88
285,1159293958,ansible/ansible,2022-03-04T06:25:47Z,2022-08-10T19:27:08Z,42878,112
286,1160410716,reactjs/reactjs.org,2022-03-05T17:55:21Z,2022-03-07T14:51:15Z,3863,63
287,1160417956,reactjs/reactjs.org,2022-03-05T18:30:34Z,2022-03-07T14:51:10Z,3863,63
288,1160500635,MicrosoftDocs/Contribute,2022-03-06T02:41:08Z,2022-03-07T19:47:29Z,253,23
289,1161973878,chalk/chalk,2022-03-07T22:04:48Z,2022-03-08T18:45:27Z,269,4
290,1163541364,composer/packagist,2022-03-09T06:26:34Z,2022-03-10T20:41:00Z,1652,1
291,1165209319,composer/packagist,2022-03-10T13:14:13Z,2022-03-10T20:39:33Z,1652,1
292,1165300669,composer/composer,2022-03-10T14:30:18Z,2022-03-10T14:30:18Z,8134,11
293,1165880637,composer/composer,2022-03-11T00:54:12Z,2022-03-11T08:47:41Z,8134,11
294,1166060886,composer/composer,2022-03-11T06:42:23Z,2022-03-11T06:42:23Z,8134,11
295,1166065051,composer/composer,2022-03-11T06:49:27Z,2022-03-11T08:47:10Z,8134,11
296,1166956712,composer/packagist,2022-03-11T22:52:08Z,2022-03-12T22:56:44Z,1652,1
297,1167187542,composer/packagist,2022-03-12T05:34:35Z,2022-03-12T23:01:42Z,1652,1
298,1170768726,WordPress/WordPress-Coding-Standards,2022-03-16T09:40:05Z,2022-04-09T01:36:49Z,2333,6
299,1173784895,citizenfx/fivem,2022-03-18T16:30:25Z,2022-03-18T17:10:23Z,7153,628
300,1174122161,composer/packagist,2022-03-19T00:18:44Z,2022-03-20T12:05:22Z,1652,1
301,1176509018,cucumber/cucumber-js,2022-03-22T09:31:36Z,2022-04-05T16:19:28Z,855,17
302,1181103738,truecharts/charts,2022-03-25T18:25:27Z,2022-10-29T20:09:58Z,1910,710
303,1183333507,vercel/next.js,2022-03-28T12:01:59Z,2022-03-31T02:22:16Z,5084,371
304,1186681963,citizenfx/fivem,2022-03-30T16:07:46Z,2022-03-30T19:19:16Z,7181,572
305,1190943329,cucumber/cucumber-js,2022-04-03T14:13:44Z,2022-04-05T16:18:30Z,857,18
306,1190959350,helium/HIP,2022-04-03T15:16:55Z,2022-04-06T14:45:38Z,196,19
307,1201901612,James-Yu/LaTeX-Workshop,2022-04-12T14:02:54Z,2022-04-13T02:22:09Z,3781,388
308,1201906086,sveltejs/kit,2022-04-12T14:06:12Z,2022-04-13T13:53:19Z,510,16
309,1204776791,LukeSmithxyz/based.cooking,2022-04-14T17:06:32Z,2022-05-01T21:19:07Z,155,3
310,1208013839,termux/termux-packages,2021-07-26T17:22:34Z,2022-04-19T19:47:51Z,9401,280
311,1210960989,scikit-learn/scikit-learn,2022-04-21T12:24:38Z,2022-04-21T14:17:51Z,22681,4
312,1211570918,pinojs/pino,2022-04-21T21:28:24Z,2022-04-21T21:34:17Z,738,11
313,1212965768,google/blockly,2022-04-22T23:33:43Z,2023-03-08T18:23:22Z,4780,18
314,1213461044,vuetifyjs/vuetify,2022-04-23T21:44:25Z,2022-06-10T20:53:36Z,10855,446
315,1215298581,sherlock-project/sherlock,2022-04-26T02:52:40Z,2022-05-08T17:10:36Z,1045,50
316,1221806426,TryGhost/Ghost,2022-04-30T11:16:11Z,2022-05-30T13:56:07Z,26081,3047
317,1227174892,Python-Markdown/markdown,2022-05-05T21:04:50Z,2022-05-06T13:46:26Z,675,8
318,1239779668,anuraghazra/github-readme-stats,2022-05-18T10:53:07Z,2022-05-18T12:01:28Z,119,1
319,1241570951,anuraghazra/github-readme-stats,2022-05-19T10:33:47Z,2022-07-16T08:49:03Z,119,1
320,1242792738,kubernetes/website,2022-05-20T08:14:16Z,2022-05-23T12:28:31Z,17937,1552
321,1247545715,sass/node-sass,2022-05-25T06:14:40Z,2022-05-25T06:14:40Z,1661,10
322,1248033266,encode/uvicorn,2022-05-25T12:36:51Z,2022-10-19T06:47:26Z,454,
323,1251713538,composer/composer,2022-05-28T20:00:41Z,2023-10-25T15:07:55Z,8136,4
324,1252756496,libsdl-org/SDL,2022-05-30T13:37:36Z,2022-05-30T14:25:12Z,9061,856
325,1268409097,fw876/helloworld,2022-06-12T00:55:48Z,2022-06-12T08:08:47Z,146,43
326,1269479010,citizenfx/fivem,2022-06-13T13:56:37Z,2022-06-13T13:56:37Z,7406,534
328,1278268505,composer/composer,2022-06-21T10:54:11Z,2023-05-26T14:29:33Z,8136,3
329,1279826564,microsoft/vscode,2022-06-22T09:10:46Z,2022-12-06T13:56:42Z,72175,990
330,1282455505,nestjs/nest-cli,2022-06-23T14:00:19Z,2022-06-24T07:26:55Z,793,129
331,1283290082,nullworks/cathook,2022-06-24T05:45:44Z,2022-06-24T06:12:26Z,0,
332,1285334524,AdguardTeam/AdguardFilters,2022-06-27T06:53:36Z,2022-06-28T13:43:06Z,108610,11960
333,1291899006,php/php-src,2022-07-01T23:10:08Z,2022-12-12T19:00:56Z,89054,700
334,1294541749,exercism/python,2022-07-05T16:54:37Z,2022-07-27T16:11:48Z,3037,544
335,1299391458,composer/composer,2022-07-08T19:48:26Z,2022-07-13T17:45:18Z,8137,3
336,1300661048,maxcountryman/flask-login,2022-07-11T12:45:15Z,2022-07-25T15:16:43Z,290,1
337,1301011966,elebumm/RedditVideoMakerBot,2022-07-11T17:31:35Z,2022-07-12T00:46:20Z,341,341
339,1302976360,MicrosoftDocs/memdocs,2022-07-13T06:41:17Z,2022-07-13T06:45:08Z,24641,2448
340,1303268876,neovim/neovim,2022-07-13T10:59:23Z,2022-08-24T13:15:21Z,15028,891
341,1307091650,microsoft/TypeScript,2022-07-17T13:02:09Z,2022-07-18T19:28:31Z,23772,92
342,1308973136,LibreELEC/LibreELEC.tv,2022-07-19T04:45:26Z,2022-08-31T19:56:51Z,31949,994
343,1314537659,mozilla/pdf.js,2022-07-22T07:36:40Z,2022-07-23T12:31:46Z,12395,389
344,1317881905,arduino/Arduino,2022-07-26T08:25:44Z,2023-08-08T01:46:08Z,5777,
345,1321670019,johnsoncodehk/volar,2022-07-29T02:02:36Z,2022-08-01T06:00:55Z,2594,666
346,1329147554,composer/composer,2022-08-04T20:33:48Z,2023-10-25T14:24:10Z,8137,3
347,1331118596,expo/expo,2022-08-07T20:44:42Z,2022-08-19T15:49:18Z,8389,275
348,1335276663,citizenfx/fivem,2022-08-10T22:42:38Z,2022-08-10T23:17:52Z,7554,458
349,1335371535,truecharts/charts,2022-08-11T01:38:17Z,2022-08-11T06:10:18Z,2556,843
350,1336452733,osmandapp/OsmAnd,2022-08-11T20:21:14Z,2022-12-27T13:01:26Z,57336,1418
351,1336666723,Cog-Creators/Red-DiscordBot,2022-08-12T01:57:57Z,2022-08-15T12:00:26Z,1101,2
352,1345038447,space-wizards/space-station-14,2022-08-20T03:04:37Z,2022-08-20T13:04:06Z,4490,1098
353,1345626221,doctrine/dbal,2022-08-21T23:29:55Z,2022-09-24T17:13:30Z,3363,47
355,1352488799,fabricjs/fabric.js,2022-08-26T16:36:42Z,2022-08-28T07:19:01Z,3784,
356,1353459869,composer/composer,2022-08-28T20:24:22Z,2022-08-30T04:47:33Z,8137,3
357,1361207935,Pradumnasaraf/open-source-with-pradumna,2022-09-04T17:28:18Z,2022-10-02T13:57:16Z,26,26
358,1367665070,doctrine/orm,2022-09-09T11:02:55Z,2023-01-26T07:53:57Z,5984,58
359,1369100843,netbox-community/netbox,2022-09-11T23:44:26Z,2022-10-27T17:33:54Z,8918,738
360,1388421768,CastagnaIT/plugin.video.netflix,2022-09-27T21:49:20Z,2022-09-28T07:40:26Z,1634,16
361,1391469768,truecharts/charts,2022-09-29T20:37:43Z,2022-12-16T21:02:36Z,2796,846
362,1393703235,CastagnaIT/plugin.video.netflix,2022-10-02T09:38:58Z,2022-10-02T10:48:38Z,1635,17
363,1396213107,anuraghazra/github-readme-stats,2022-10-04T12:42:18Z,2022-10-05T18:38:35Z,123,4
364,1396696603,CastagnaIT/plugin.video.netflix,2022-10-04T18:42:35Z,2022-10-05T07:56:52Z,1638,20
365,1400909737,freeCodeCamp/freeCodeCamp,2022-10-07T09:47:10Z,2022-10-07T15:46:14Z,21610,295
366,1402211429,Pryaxis/TShock,2022-10-09T09:19:11Z,2022-10-09T09:19:11Z,3472,63
367,1402253291,Pryaxis/TShock,2022-10-09T12:03:12Z,2022-10-09T12:03:12Z,3472,63
368,1406636959,freeCodeCamp/freeCodeCamp,2022-10-12T18:34:57Z,2022-10-13T05:32:03Z,21622,292
369,1410698334,microsoft/vscode,2022-10-17T00:44:22Z,2022-10-20T07:17:18Z,72370,308
370,1412007705,openscad/openscad,2022-10-17T18:13:57Z,2022-10-18T13:16:54Z,8786,89
371,1414333398,PrismLauncher/Translations,2022-10-19T05:49:11Z,2022-10-19T06:26:09Z,209,176
374,1418577350,doctrine/dbal,2022-10-21T16:21:12Z,2022-11-07T10:41:31Z,3388,58
375,1418948680,Warzone2100/warzone2100,2022-10-21T23:10:25Z,2022-10-22T21:39:11Z,12262,479
377,1428767280,Monika-After-Story/MonikaModDev,2022-10-30T12:30:18Z,2022-11-03T02:06:15Z,6252,403
378,1442544013,flutter/flutter,2022-11-09T18:16:27Z,2022-11-09T20:28:22Z,35334,3288
379,1444401730,sumneko/lua-language-server,2022-11-10T18:49:38Z,2022-11-13T01:35:12Z,6510,750
380,1449702890,truecharts/charts,2022-11-15T12:26:16Z,2022-11-24T17:17:43Z,3033,854
381,1458781974,rust-lang/rust,2022-11-22T00:12:17Z,2022-11-22T01:44:00Z,170492,12021
382,1461489700,laravel/framework,2022-11-23T10:36:33Z,2022-11-23T11:34:07Z,27725,220
383,1464916364,AdguardTeam/AdguardFilters,2022-11-25T20:41:20Z,2022-11-28T16:04:11Z,119703,13334
384,1465034831,Warzone2100/warzone2100,2022-11-26T03:40:53Z,2022-11-30T20:58:23Z,12404,529
385,1473837925,mate-desktop/caja,2022-12-03T08:06:27Z,2022-12-13T00:47:19Z,930,19
386,1476730615,fastify/fastify,2022-12-05T14:45:28Z,2022-12-05T14:46:32Z,1862,8
387,1498285225,JuliaPlots/Plots.jl,2022-12-15T11:46:58Z,2022-12-15T12:33:21Z,3915,42
388,1500084349,zammad/zammad,2022-12-16T11:53:58Z,2022-12-22T13:03:38Z,12175,900
389,1524714133,EasyNetQ/EasyNetQ,2023-01-08T22:47:07Z,2023-01-10T21:22:40Z,1545,38
390,1530248637,rubygems/rubygems,2023-01-12T07:40:35Z,2023-02-02T07:26:42Z,19583,184
391,1616936787,ohmyzsh/ohmyzsh,2023-03-09T10:46:27Z,2023-03-12T14:43:03Z,5322,29
392,1636711509,tinymce/tinymce,2023-03-23T01:33:31Z,2023-03-23T23:54:37Z,18595,11
393,1656348603,doctrine/orm,2023-04-05T21:58:38Z,2023-04-05T22:11:42Z,6051,58
394,1656534314,mitmproxy/mitmproxy,2023-04-06T01:34:13Z,2023-07-15T17:08:40Z,8983,88
395,1659625133,doctrine/DoctrineFixturesBundle,2023-04-08T19:40:42Z,2023-04-11T07:28:54Z,146,3
396,1665591134,doctrine/orm,2023-04-13T02:47:52Z,2023-04-13T07:21:42Z,6052,58
397,1687989535,php/php-src,2023-04-28T06:40:01Z,2023-05-06T22:28:14Z,90457,819
398,1843328693,doctrine/orm,2023-08-09T14:07:34Z,2023-08-10T09:47:53Z,6077,34
399,1863541325,doctrine/migrations,2023-08-23T15:15:13Z,2023-08-23T20:14:36Z,948,1
400,1897778633,FreeRADIUS/freeradius-server,2023-09-15T06:17:07Z,2023-09-15T12:09:41Z,15205,111
401,1906791437,mozilla/pdf.js,2023-09-21T11:50:35Z,2023-09-21T11:53:55Z,13375,463
402,1943190932,php/php-src,2023-10-14T11:06:24Z,2023-10-16T21:29:03Z,91211,776
403,1958701035,composer/packagist,2023-10-24T07:49:48Z,2023-10-26T12:04:55Z,1652,
404,1959812102,factor/factor,2023-10-24T18:13:21Z,2023-10-24T18:26:25Z,23637,640
372,2040759060,revanced/revanced-patches,,,0,
376,2044991706,revanced/revanced-patches,,,0,
373,2044991710,revanced/revanced-patches,,,0,
354,2044991734,revanced/revanced-patches,,,0,
338,2044991737,revanced/revanced-patches,,,0,
327,2044991743,revanced/revanced-patches,,,0,
